{"Progress": 1000, "_timestamp": 1669857601.1184087, "Grand_Loss": 0.9333997368812561, "Start_Epoch": 12, "_runtime": 853.1417467594147, "_step": 1000, "_wandb": {"runtime": 866}}