{"Progress": 306, "_timestamp": 1669855451.0607808, "Grand_Loss": 0.9041377305984497, "Start_Epoch": 4, "_runtime": 283.70615887641907, "_step": 306}