{"Progress": 2000, "_timestamp": 1669859956.0408924, "Grand_Loss": 0.8346114158630371, "Start_Epoch": 0, "_runtime": 1415.084486246109, "_step": 2000, "_wandb": {"runtime": 1428}}