{"Progress": 127, "_timestamp": 1669856735.0380204, "Grand_Loss": 0.8556724190711975, "Start_Epoch": 4, "_runtime": 232.70642828941345, "_step": 127}