{"Progress": 0, "_timestamp": 1669854510.5752544, "Grand_Loss": 0.987173855304718, "Start_Epoch": 4, "_runtime": 12.254697322845459, "_step": 0}