{"Progress": 100, "_timestamp": 1669855060.5530722, "Grand_Loss": 0.9694503545761108, "Start_Epoch": 12, "_runtime": 95.39440822601318, "_step": 100}