{"Progress": 13, "_timestamp": 1669855503.2867372, "Grand_Loss": 0.9929460287094116, "Start_Epoch": 17, "_runtime": 37.519575119018555, "_step": 13}