{"Progress": 0, "_timestamp": 1669854035.0711026, "Grand_Loss": 1.0065070390701294, "Start_Epoch": 12, "_runtime": 27.080639600753784, "_step": 0, "_wandb": {"runtime": 27}}