{"Progress": 0, "_timestamp": 1669854242.6901386, "Grand_Loss": 0.9884236454963684, "Start_Epoch": 4, "_runtime": 12.382248640060425, "_step": 0}