{"Progress": 100, "_timestamp": 1669854662.6531909, "Grand_Loss": 0.9307341575622559, "Start_Epoch": 5, "_runtime": 96.47400283813477, "_step": 100}