{"Progress": 55, "_timestamp": 1669855601.7357535, "Grand_Loss": 0.983328104019165, "Start_Epoch": 13, "_runtime": 67.04930853843689, "_step": 55}