{"Progress": 0, "_timestamp": 1669854768.785218, "Grand_Loss": 1.0084269046783447, "Start_Epoch": 13, "_runtime": 14.329790115356445, "_step": 0, "_wandb": {"runtime": 28}}