{"Progress": 46, "_timestamp": 1669858528.0588098, "Grand_Loss": 0.9352185726165771, "Start_Epoch": 6, "_runtime": 47.28823971748352, "_step": 46}