{"Progress": 543, "_timestamp": 1669858467.8555846, "Grand_Loss": 0.9714012742042542, "Start_Epoch": 17, "_runtime": 472.8840036392212, "_step": 543}