{"Progress": 100, "_timestamp": 1669854939.3578937, "Grand_Loss": 0.9731360673904419, "Start_Epoch": 13, "_runtime": 96.40324258804321, "_step": 100, "_wandb": {"runtime": 116}}