{"Progress": 813, "_timestamp": 1669856322.9216986, "Grand_Loss": 0.8956881761550903, "Start_Epoch": 11, "_runtime": 708.5273666381836, "_step": 813}