{"Progress": 0, "_timestamp": 1669854111.5434167, "Grand_Loss": 0.9914149045944214, "Start_Epoch": 5, "_runtime": 12.228891849517822, "_step": 0, "_wandb": {"runtime": 125}}