{"Progress": 0, "_timestamp": 1669854281.10039, "Grand_Loss": 0.9999980926513672, "Start_Epoch": 9, "_runtime": 14.167439937591553, "_step": 0, "_wandb": {"runtime": 15}}