{"Progress": 0, "_timestamp": 1669854459.6037755, "Grand_Loss": 0.9980106353759766, "Start_Epoch": 9, "_runtime": 12.233649492263794, "_step": 0, "_wandb": {"runtime": 42}}