{"Progress": 0, "_timestamp": 1669856351.6627526, "Grand_Loss": 0.9782760739326477, "Start_Epoch": 1, "_runtime": 14.812384605407715, "_step": 0}